"Net Code";"Net Name";"Pad Count";"Via Count";"Via Length (mm)";"Track Length (mm)";"Die Length (mm)";"Net Length (mm)";"L1 (Sig) (mm)";"L2 (Gnd) (mm)";"L3 (Pwr) (mm)";"L4 (Sig+Pwr) (mm)";"L5 (Gnd) (mm)";"L6 (Sig+Pwr) (mm)";"L7 (Gnd) (mm)";"L8 (Sig) (mm)";
001;"IO_L23_N_35";2;1;1,1846;7,6693;13,7475;22,6014;6,6599;0,0000;0,0000;0,0000;0,0000;0,0000;0,0000;1,0094;
002;"IO_L17_N_13";2;1;1,1846;12,4770;13,7167;27,3783;11,4844;0,0000;0,0000;0,0000;0,0000;0,0000;0,0000;0,9926;
003;"IO_L18_P_33";2;1;1,1846;10,6885;11,8558;23,7289;9,5935;0,0000;0,0000;0,0000;0,0000;0,0000;0,0000;1,0950;
004;"IO_L16_N_13";2;1;1,1846;9,9182;12,8808;23,9836;8,8995;0,0000;0,0000;0,0000;0,0000;0,0000;0,0000;1,0187;
005;"IO_L6_VREF_N_35";2;2;1,1846;26,8693;6,4908;34,5447;0,5657;0,0000;0,0000;0,0000;0,0000;24,5729;0,0000;1,7307;
006;"IO_L7_N_34";2;2;1,1846;10,7497;8,4725;20,4068;0,5657;0,0000;0,0000;0,0000;0,0000;8,9230;0,0000;1,2610;
007;"+VCCO_13";17;11;12,3307;7,1813;0,0000;19,5120;3,3941;0,0000;0,0000;2,7314;0,0000;0,0000;0,0000;1,0558;
008;"IO_L10_P_35";2;1;1,1846;15,0450;12,3333;28,5629;14,0408;0,0000;0,0000;0,0000;0,0000;0,0000;0,0000;1,0042;
009;"IO_L21_DQS_P_35";2;1;1,1846;7,9874;17,0667;26,2387;0,5657;0,0000;0,0000;0,0000;0,0000;0,0000;0,0000;7,4217;
010;"IO_L4_N_33";2;1;1,1846;13,0624;12,6783;26,9253;0,5657;0,0000;0,0000;0,0000;0,0000;0,0000;0,0000;12,4967;
011;"IO_L15_DQS_P_35";2;1;1,1846;10,8929;14,9175;26,9950;9,9422;0,0000;0,0000;0,0000;0,0000;0,0000;0,0000;0,9507;
012;"IO_L18_N_35";2;1;1,1846;11,3944;15,7383;28,3173;10,4808;0,0000;0,0000;0,0000;0,0000;0,0000;0,0000;0,9136;
013;"IO_L8_P_33";2;0;0,0000;4,4373;14,6342;19,0715;4,4373;0,0000;0,0000;0,0000;0,0000;0,0000;0,0000;0,0000;
014;"ZYNQ_PS_MIO8\VM1";3;3;2,4357;17,1835;5,8558;25,4750;0,5657;0,0000;0,0000;8,2602;0,0000;7,2362;0,0000;1,1214;
015;"IO_L21_DQS_N_35";2;1;1,1846;8,6991;16,3550;26,2387;0,5657;0,0000;0,0000;0,0000;0,0000;0,0000;0,0000;8,1334;
016;"IO_L2_N_35";2;2;1,1846;20,2812;5,5225;26,9883;0,5657;0,0000;0,0000;16,2830;0,0000;0,0000;0,0000;3,4325;
017;"IO_L23_N_13";2;1;1,1846;8,8496;6,0975;16,1317;0,5657;0,0000;0,0000;0,0000;0,0000;0,0000;0,0000;8,2839;
018;"IO_L8_N_34";2;1;1,1846;7,5324;11,3417;20,0587;6,4917;0,0000;0,0000;0,0000;0,0000;0,0000;0,0000;1,0407;
019;"ZYNQ_PS_MIO7/VM0";3;2;1,6693;14,1391;8,4775;24,2859;0,6128;0,0000;0,0000;12,4774;0,0000;0,0000;0,0000;1,0489;
020;"QSPI_D2/BM2";3;0;0,0000;19,3701;6,2708;25,6409;19,3701;0,0000;0,0000;0,0000;0,0000;0,0000;0,0000;0,0000;
021;"SENSE_3V3";3;1;1,1846;5,5971;0,0000;6,7817;1,1036;0,0000;0,0000;0,0000;0,0000;0,0000;0,0000;4,4936;
022;"STM32_GPIO6";2;1;1,1846;14,5428;0,0000;15,7274;13,6121;0,0000;0,0000;0,0000;0,0000;0,0000;0,0000;0,9307;
023;"SDIO_D1";2;2;1,1846;17,0358;11,4758;29,6962;0,5657;0,0000;0,0000;15,0151;0,0000;0,0000;0,0000;1,4550;
024;"QSPI_D3/BM0";3;1;1,1846;12,2559;11,9483;25,3888;11,9659;0,0000;0,0000;0,0000;0,0000;0,0000;0,0000;0,2900;
025;"QSPI_CLK_T/BM4";2;0;0,0000;6,4940;12,1000;18,5940;6,4940;0,0000;0,0000;0,0000;0,0000;0,0000;0,0000;0,0000;
026;"IO_L4_N_13";2;1;1,1846;9,5028;44,3875;55,0749;0,5657;0,0000;0,0000;0,0000;0,0000;0,0000;0,0000;8,9371;
027;"IO_L17_P_35";2;1;1,1846;11,2682;12,4925;24,9453;10,3167;0,0000;0,0000;0,0000;0,0000;0,0000;0,0000;0,9514;
028;"ETH_LED1";3;1;1,1846;8,8002;0,0000;9,9848;1,1979;0,0000;0,0000;0,0000;0,0000;0,0000;0,0000;7,6023;
029;"ZYNQ_PS_MIO11";2;2;1,1846;20,7654;9,4492;31,3992;3,0657;0,0000;0,0000;16,1486;0,0000;0,0000;0,0000;1,5512;
030;"ETH_LED0";2;1;1,1846;1,8269;0,0000;3,0115;0,5746;0,0000;0,0000;0,0000;0,0000;0,0000;0,0000;1,2523;
031;"ZYNQ_PS_SRST";4;4;3,9370;30,9259;7,5192;42,3821;2,6903;0,0000;0,0000;5,1080;0,0000;17,5389;0,0000;5,5886;
032;"SDIO_D3";2;2;1,1846;18,5359;8,0483;27,7688;0,5657;0,0000;0,0000;16,3528;0,0000;0,0000;0,0000;1,6174;
033;"/Zynq B500-B501/PS_CLK_33MHz_T";2;1;1,1846;3,7871;6,5467;11,5184;0,5657;0,0000;0,0000;0,0000;0,0000;0,0000;0,0000;3,2214;
034;"SDIO_D2";2;2;1,1846;19,7638;9,9267;30,8751;0,5828;0,0000;0,0000;17,3194;0,0000;0,0000;0,0000;1,8617;
035;"IO_L15_DQS_N_35";2;1;1,1846;10,5496;15,2608;26,9950;9,5219;0,0000;0,0000;0,0000;0,0000;0,0000;0,0000;1,0277;
036;"IO_L20_N_35";2;1;1,1846;8,0229;9,5233;18,7308;0,5657;0,0000;0,0000;0,0000;0,0000;0,0000;0,0000;7,4572;
037;"IO_L6_P_33";2;1;1,1846;9,6612;11,6133;22,4591;0,5657;0,0000;0,0000;0,0000;0,0000;0,1000;0,0000;8,9955;
038;"IO_L4_P_35";2;2;1,1846;34,5680;11,1225;46,8751;0,5657;0,0000;0,0000;0,0000;0,0000;32,1466;0,0000;1,8557;
039;"IO_L10_N_13";2;1;1,1846;8,7449;22,5425;32,4720;0,5657;0,0000;0,0000;0,0000;0,0000;0,0000;0,0000;8,1792;
040;"SENSE_1V8";3;1;1,1846;3,4200;0,0000;4,6046;1,2886;0,0000;0,0000;0,0000;0,0000;0,0000;0,0000;2,1314;
041;"SDIO_D0";2;2;1,1846;21,4882;5,0667;27,7395;0,5657;0,0000;0,0000;19,3197;0,0000;0,0000;0,0000;1,6028;
042;"ETH_LED2";3;1;1,1846;8,0926;0,0000;9,2772;1,4115;0,0000;0,0000;0,0000;0,0000;0,0000;0,0000;6,6811;
043;"SDIO_CMD";2;2;1,1846;21,0937;6,8858;29,1641;0,5657;0,0000;0,0000;19,6776;0,0000;0,0000;0,0000;0,8504;
044;"SDIO_CLK";2;2;1,1846;19,1111;19,7017;39,9974;0,5657;0,0000;0,0000;18,5454;0,0000;0,0000;0,0000;0,0000;
045;"IO_L17_N_35";2;1;1,1846;10,6539;13,5925;25,4310;9,6318;0,0000;0,0000;0,0000;0,0000;0,0000;0,0000;1,0221;
046;"IO_L19_N_VREF_35";2;1;1,1846;6,1991;7,1408;14,5245;0,5657;0,0000;0,0000;0,0000;0,0000;0,0000;0,0000;5,6334;
047;"IO_L18_N_34";2;1;1,1846;6,3482;10,1842;17,7170;0,5657;0,0000;0,0000;0,0000;0,0000;0,0000;0,0000;5,7825;
048;"/Zynq_B502_DDR/DDR_ZQ";2;0;0,0000;2,6054;0,0000;2,6054;2,6054;0,0000;0,0000;0,0000;0,0000;0,0000;0,0000;0,0000;
049;"/Zynq_B502_DDR/DDR_VRN";2;1;1,1846;0,0000;11,9825;13,1671;0,0000;0,0000;0,0000;0,0000;0,0000;0,0000;0,0000;0,0000;
050;"/Zynq_B502_DDR/DDR_VRP";2;1;1,1846;0,0000;13,2858;14,4704;0,0000;0,0000;0,0000;0,0000;0,0000;0,0000;0,0000;0,0000;
051;"/Zynq_B502_DDR/DDR_~{RST}";3;2;2,0525;33,1887;6,0183;41,2595;0,0000;0,0000;0,0000;0,0000;0,0000;31,0766;0,0000;2,1121;
052;"SENSE_1V0";3;0;0,0000;4,2476;0,0000;4,2476;4,2476;0,0000;0,0000;0,0000;0,0000;0,0000;0,0000;0,0000;
053;"/Zynq_B502_DDR/DDR_~{CAS}";2;1;1,1846;6,8198;8,3092;16,3136;0,5657;0,0000;0,0000;0,0000;0,0000;0,0000;0,0000;6,2541;
054;"/Zynq_B502_DDR/DDR_~{CAS}_T";2;1;1,1846;29,7347;0,0000;30,9193;0,0000;0,0000;0,0000;0,0000;0,0000;0,0000;0,0000;29,7347;
055;"IO_L17_N_33";2;1;1,1846;10,0082;12,7900;23,9828;9,0753;0,0000;0,0000;0,0000;0,0000;0,0000;0,0000;0,9328;
056;"IO_L10_N_34";2;1;1,1846;7,6236;7,7600;16,5682;6,6476;0,0000;0,0000;0,0000;0,0000;0,0000;0,0000;0,9760;
057;"IO_L1_P_33";2;1;1,1846;5,2085;9,1175;15,5106;0,5657;0,0000;0,0000;0,0000;0,0000;0,0000;0,0000;4,6428;
058;"IO_L1P_13";2;2;1,1846;9,9805;15,7417;26,9068;0,5657;0,0000;0,0000;0,0000;0,0000;8,5348;0,0000;0,8800;
059;"/Zynq_B502_DDR/DDR_CK_P";3;2;2,0525;35,1322;10,4217;47,6064;0,5657;0,0000;0,0000;0,0000;0,0000;34,5665;0,0000;0,0000;
060;"/Zynq_B502_DDR/DDR_CK_N";3;2;2,0525;35,5600;9,9400;47,5525;0,5657;0,0000;0,0000;0,0000;0,0000;34,9943;0,0000;0,0000;
061;"/Zynq_B502_DDR/DDR_~{CS}";2;1;1,1846;8,2393;13,5475;22,9714;0,5657;0,0000;0,0000;0,0000;0,0000;0,0000;0,0000;7,6736;
062;"IO_L7_N_33";2;0;0,0000;2,7063;16,2275;18,9338;2,7063;0,0000;0,0000;0,0000;0,0000;0,0000;0,0000;0,0000;
063;"IO_L7_P_13";2;1;1,1846;10,9775;24,5550;36,7171;10,0437;0,0000;0,0000;0,0000;0,0000;0,0000;0,0000;0,9338;
064;"IO_L8_N_33";2;0;0,0000;4,9928;16,5225;21,5153;4,9928;0,0000;0,0000;0,0000;0,0000;0,0000;0,0000;0,0000;
065;"IO_L9_DQS_P_34";2;1;1,1846;11,1018;8,3133;20,5997;10,1047;0,0000;0,0000;0,0000;0,0000;0,0000;0,0000;0,9971;
066;"IO_L24_P_35";2;1;1,1846;11,4629;8,6383;21,2858;10,5157;0,0000;0,0000;0,0000;0,0000;0,0000;0,0000;0,9471;
067;"ZYNQ_PS_MIO9";2;2;1,1846;17,4090;8,1125;26,7061;0,5553;0,0000;0,0000;15,5734;0,0000;0,0000;0,0000;1,2803;
068;"ZYNQ_PS_MIO0";2;2;1,1846;17,8817;6,1708;25,2371;0,5657;0,0000;0,0000;0,0000;0,0000;16,0347;0,0000;1,2813;
069;"+VCCO_35";18;10;11,8460;6,4843;0,0000;18,3303;2,8284;0,0000;0,0000;0,0000;0,0000;0,0000;0,0000;3,6559;
070;"ZYNQ_TCK";2;3;2,5844;18,6663;7,3567;28,6074;0,5657;0,0000;0,0000;10,6657;0,0000;0,0000;0,0000;7,4349;
071;"ZYNQ_TMS";2;2;1,1846;25,5584;18,9550;45,6980;0,5657;0,0000;0,0000;0,0000;0,0000;23,6269;0,0000;1,3658;
072;"ZYNQ_TDO";2;2;1,1846;25,1145;20,8442;47,1433;0,5657;0,0000;0,0000;0,0000;0,0000;23,2480;0,0000;1,3008;
073;"IO_L10_P_33";2;1;1,1846;11,9111;12,9100;26,0057;11,0067;0,0000;0,0000;0,0000;0,0000;0,0000;0,0000;0,9044;
074;"IO_L2_P_33";2;1;1,1846;8,3992;10,5567;20,1405;7,3860;0,0000;0,0000;0,0000;0,0000;0,0000;0,0000;1,0132;
075;"IO_L24_N_33";2;1;1,1846;10,3472;11,4358;22,9676;9,4364;0,0000;0,0000;0,0000;0,0000;0,0000;0,0000;0,9108;
076;"IO_L23_P_13";2;1;1,1846;9,4513;5,4958;16,1317;0,5657;0,0000;0,0000;0,0000;0,0000;0,0000;0,0000;8,8856;
077;"+VCCO_34";15;9;10,6614;3,7633;0,0000;14,4247;2,8284;0,0000;0,0000;0,0000;0,0000;0,0000;0,0000;0,9349;
078;"+VCCO_33";18;8;9,4768;7,7324;0,0000;17,2092;5,6852;0,0000;0,0000;0,0000;0,0000;0,0000;0,0000;2,0472;
079;"ZYNQ_TDI";2;2;1,1846;23,9159;19,5142;44,6147;0,5657;0,0000;0,0000;0,0000;0,0000;22,3198;0,0000;1,0304;
081;"+0V675_REF";11;5;5,0551;47,2634;13,5192;65,8377;9,3929;0,0000;0,0000;0,0000;0,0000;30,0179;0,0000;7,8526;
085;"IO_L16_N_34";2;1;1,1846;7,5076;10,3283;19,0205;6,7156;0,0000;0,0000;0,0000;0,0000;0,0000;0,0000;0,7920;
086;"/Zynq Power/VCCPLL";4;1;1,1846;0,5657;6,4068;8,1571;0,5657;0,0000;0,0000;0,0000;0,0000;0,0000;0,0000;0,0000;
088;"/Zynq_B502_DDR/DDR_~{CS}_T";2;1;1,1846;23,0740;0,0000;24,2586;0,0000;0,0000;0,0000;0,0000;0,0000;0,0000;0,0000;23,0740;
091;"/Zynq_B502_DDR/DDR_~{RAS}";2;1;1,1846;5,8894;13,7033;20,7773;0,5657;0,0000;0,0000;0,0000;0,0000;0,0000;0,0000;5,3237;
092;"IO_L22_N_35";2;1;1,1846;6,5246;9,0467;16,7559;0,5657;0,0000;0,0000;0,0000;0,0000;0,0000;0,0000;5,9590;
093;"IO_L8_N_13";2;1;1,1846;9,5039;26,7225;37,4110;8,6091;0,0000;0,0000;0,0000;0,0000;0,0000;0,0000;0,8949;
094;"IO_L16_P_34";2;1;1,1846;7,6424;10,1692;18,9962;6,7281;0,0000;0,0000;0,0000;0,0000;0,0000;0,0000;0,9143;
095;"IO_L22_P_35";2;1;1,1846;7,1263;8,4450;16,7559;0,5657;0,0000;0,0000;0,0000;0,0000;0,0000;0,0000;6,5606;
096;"IO_L9_DQS_P_13";2;1;1,1846;8,8052;23,0617;33,0515;7,9724;0,0000;0,0000;0,0000;0,0000;0,0000;0,0000;0,8328;
097;"IO_L15_DQS_N_34";2;1;1,1846;9,4017;10,0858;20,6721;8,3977;0,0000;0,0000;0,0000;0,0000;0,0000;0,0000;1,0040;
098;"IO_L21_DQS_N_33";2;1;1,1846;8,5584;14,1208;23,8638;0,5657;0,0000;0,0000;0,0000;0,0000;0,0000;0,0000;7,9928;
099;"IO_L17_P_34";2;1;1,1846;11,3891;15,6933;28,2670;10,4554;0,0000;0,0000;0,0000;0,0000;0,0000;0,0000;0,9337;
100;"ZYNQ_PS_MIO13";2;2;1,7358;19,5078;10,2792;31,5228;15,5897;0,0000;0,0000;0,0000;0,0000;3,9181;0,0000;0,0000;
101;"STM32_NRST";4;2;1,5013;23,7129;0,0000;25,2142;0,0000;0,0000;0,0000;0,0000;0,0000;21,7509;0,0000;1,9620;
102;"/Ethernet PHY/ETH_REG_OUT";2;0;0,0000;0,0000;0,0000;0,0000;0,0000;0,0000;0,0000;0,0000;0,0000;0,0000;0,0000;0,0000;
103;"IO_L3_DQS_P_33";2;1;1,1846;9,4079;12,9600;23,5525;8,4577;0,0000;0,0000;0,0000;0,0000;0,0000;0,0000;0,9501;
104;"IO_L9_DQS_N_33";2;0;0,0000;5,4205;12,1808;17,6013;5,4205;0,0000;0,0000;0,0000;0,0000;0,0000;0,0000;0,0000;
105;"/Zynq_B502_DDR/DDR_~{RAS}_T";2;1;1,1846;25,2600;0,0000;26,4446;0,0000;0,0000;0,0000;0,0000;0,0000;0,0000;0,0000;25,2600;
106;"/Zynq_B502_DDR/DDR_A0_T";2;2;2,3692;29,1440;0,0000;31,5132;26,1414;0,0000;0,0000;0,0000;0,0000;0,0000;0,0000;3,0026;
107;"/Zynq_B502_DDR/DDR_A0";2;0;0,0000;8,2787;7,4475;15,7262;8,2787;0,0000;0,0000;0,0000;0,0000;0,0000;0,0000;0,0000;
108;"/Zynq_B502_DDR/DDR_A1";2;1;1,1846;5,5912;7,8558;14,6316;0,5657;0,0000;0,0000;0,0000;0,0000;0,0000;0,0000;5,0255;
109;"/Zynq_B502_DDR/DDR_A1_T";2;2;1,1846;28,4200;0,0000;29,6046;0,0000;0,0000;0,0000;0,0000;0,0000;23,2336;0,0000;5,1864;
110;"/Zynq_B502_DDR/DDR_A2";2;1;1,1846;5,8024;7,0450;14,0320;0,5657;0,0000;0,0000;0,0000;0,0000;0,0000;0,0000;5,2368;
111;"/Zynq_B502_DDR/DDR_A2_T";2;2;1,1846;28,5170;0,0000;29,7016;0,0000;0,0000;0,0000;0,0000;0,0000;27,2110;0,0000;1,3060;
112;"/Zynq_B502_DDR/DDR_A3";2;0;0,0000;4,6871;7,1858;11,8729;4,6871;0,0000;0,0000;0,0000;0,0000;0,0000;0,0000;0,0000;
113;"/Zynq_B502_DDR/DDR_A3_T";2;2;2,3692;33,0000;0,0000;35,3692;17,4866;0,0000;0,0000;0,0000;0,0000;0,0000;0,0000;15,5134;
114;"/Zynq_B502_DDR/DDR_A4";2;1;1,1846;6,4740;9,8608;17,5194;0,5657;0,0000;0,0000;0,0000;0,0000;0,0000;0,0000;5,9084;
115;"/Zynq_B502_DDR/DDR_A4_T";2;2;1,1846;26,2670;0,0000;27,4516;0,0000;0,0000;0,0000;0,0000;0,0000;17,5715;0,0000;8,6955;
116;"/Zynq_B502_DDR/DDR_A5";2;0;0,0000;7,3551;8,0717;15,4268;7,3551;0,0000;0,0000;0,0000;0,0000;0,0000;0,0000;0,0000;
117;"/Zynq_B502_DDR/DDR_A5_T";2;2;2,3692;29,4450;0,0000;31,8142;20,3198;0,0000;0,0000;0,0000;0,0000;0,0000;0,0000;9,1251;
118;"/Zynq_B502_DDR/DDR_A6_T";2;2;1,1846;23,5371;0,0000;24,7217;0,0000;0,0000;0,0000;0,0000;0,0000;19,2594;0,0000;4,2778;
119;"/Zynq_B502_DDR/DDR_A6";2;1;1,1846;10,4272;8,4242;20,0360;0,5657;0,0000;0,0000;0,0000;0,0000;0,0000;0,0000;9,8615;
120;"/Zynq_B502_DDR/DDR_A7_T";2;2;1,1846;26,8140;0,0000;27,9986;0,0000;0,0000;0,0000;0,0000;0,0000;25,9619;0,0000;0,8521;
121;"/Zynq_B502_DDR/DDR_A7";2;1;1,1846;7,1223;7,5850;15,8919;0,5657;0,0000;0,0000;0,0000;0,0000;0,0000;0,0000;6,5566;
122;"/Zynq_B502_DDR/DDR_A8";2;0;0,0000;5,6631;8,4233;14,0864;5,6631;0,0000;0,0000;0,0000;0,0000;0,0000;0,0000;0,0000;
123;"/Zynq_B502_DDR/DDR_A8_T";2;2;2,3692;30,7800;0,0000;33,1492;13,2552;0,0000;0,0000;0,0000;0,0000;0,0000;0,0000;17,5248;
124;"/Zynq_B502_DDR/DDR_A9_T";2;2;2,3692;30,1750;0,0000;32,5442;14,7995;0,0000;0,0000;0,0000;0,0000;0,0000;0,0000;15,3755;
125;"/Zynq_B502_DDR/DDR_A9";2;0;0,0000;5,7481;8,9467;14,6948;5,7481;0,0000;0,0000;0,0000;0,0000;0,0000;0,0000;0,0000;
126;"/Zynq_B502_DDR/DDR_A10_T";2;2;1,1846;29,7710;0,0000;30,9556;0,0000;0,0000;0,0000;0,0000;0,0000;27,9291;0,0000;1,8419;
127;"/Zynq_B502_DDR/DDR_A10";2;1;1,1846;4,1942;7,3067;12,6855;0,0000;0,0000;0,0000;0,0000;0,0000;0,0000;0,0000;4,1942;
128;"/Zynq_B502_DDR/DDR_A11_T";2;2;1,1846;26,1400;0,0000;27,3246;0,0000;0,0000;0,0000;0,0000;0,0000;25,3168;0,0000;0,8231;
129;"/Zynq_B502_DDR/DDR_A11";2;1;1,1846;6,7620;8,6950;16,6416;0,5657;0,0000;0,0000;0,0000;0,0000;0,0000;0,0000;6,1963;
130;"/Zynq_B502_DDR/DDR_A12";2;1;1,1846;10,3676;8,5433;20,0955;0,0000;0,0000;0,0000;0,0000;0,0000;0,0000;0,0000;10,3676;
131;"/Zynq_B502_DDR/DDR_A12_T";2;2;1,1846;23,8453;0,0000;25,0299;0,0000;0,0000;0,0000;0,0000;0,0000;16,3513;0,0000;7,4939;
132;"/Zynq_B502_DDR/DDR_A13";2;0;0,0000;5,1544;11,8675;17,0219;5,1544;0,0000;0,0000;0,0000;0,0000;0,0000;0,0000;0,0000;
133;"IO_L23_P_34";2;2;1,1846;8,9455;9,2058;19,3359;0,5657;0,0000;0,0000;0,0000;0,0000;7,1645;0,0000;1,2153;
134;"/Zynq_B502_DDR/DDR_A13_T";2;2;2,3692;27,8400;0,0000;30,2092;22,3903;0,0000;0,0000;0,0000;0,0000;0,0000;0,0000;5,4497;
135;"IO_L23_P_33";2;1;1,1846;10,0532;11,1292;22,3670;9,1117;0,0000;0,0000;0,0000;0,0000;0,0000;0,0000;0,9414;
136;"IO_L1_N_35";2;2;1,1846;25,5416;5,7992;32,5254;0,5657;0,0000;0,0000;18,2995;0,0000;0,0000;0,0000;6,6764;
137;"/Zynq_B502_DDR/DDR_A14";2;0;0,0000;5,0350;9,7550;14,7900;5,0350;0,0000;0,0000;0,0000;0,0000;0,0000;0,0000;0,0000;
138;"IO_L15_DQS_P_34";2;1;1,1846;10,2742;9,2133;20,6721;9,2909;0,0000;0,0000;0,0000;0,0000;0,0000;0,0000;0,9833;
139;"IO_L7_P_34";2;2;1,1846;15,7956;9,7217;26,7019;0,5657;0,0000;0,0000;0,0000;0,0000;13,9206;0,0000;1,3092;
140;"IO_L9_DQS_N_34";2;1;1,1846;11,2260;8,1892;20,5998;10,2288;0,0000;0,0000;0,0000;0,0000;0,0000;0,0000;0,9971;
141;"SENSE_1V35";3;0;0,0000;2,4716;0,0000;2,4716;2,4716;0,0000;0,0000;0,0000;0,0000;0,0000;0,0000;0,0000;
142;"IO_L5_P_35";2;2;1,1846;30,4497;5,3250;36,9593;0,5657;0,0000;0,0000;22,5632;0,0000;0,0000;0,0000;7,3208;
143;"IO_L17_N_34";2;1;1,1846;10,7772;14,2275;26,1893;9,8435;0,0000;0,0000;0,0000;0,0000;0,0000;0,0000;0,9337;
144;"IO_L9_DQS_N_13";2;1;1,1846;8,8052;18,7858;28,7756;7,9724;0,0000;0,0000;0,0000;0,0000;0,0000;0,0000;0,8328;
145;"IO_L10_N_33";2;1;1,1846;10,1277;14,6933;26,0056;9,2333;0,0000;0,0000;0,0000;0,0000;0,0000;0,0000;0,8944;
146;"IO_L20_N_34";2;1;1,1846;8,1139;7,8342;17,1327;0,5657;0,0000;0,0000;0,0000;0,0000;0,0000;0,0000;7,5482;
147;"IO_L22_N_33";2;1;1,1846;7,3033;12,5075;20,9954;0,5657;0,0000;0,0000;0,0000;0,0000;0,0000;0,0000;6,7376;
148;"IO_L20_P_35";2;1;1,1846;8,5470;6,6858;16,4174;0,5657;0,0000;0,0000;0,0000;0,0000;0,0000;0,0000;7,9813;
151;"IO_L18_P_35";2;1;1,1846;10,6202;16,5125;28,3173;9,7895;0,0000;0,0000;0,0000;0,0000;0,0000;0,0000;0,8307;
152;"IO_L4_P_33";2;1;1,1846;10,8765;14,8642;26,9253;0,5657;0,0000;0,0000;0,0000;0,0000;0,0000;0,0000;10,3108;
153;"IO_L10_P_34";2;1;1,1846;9,2078;6,1758;16,5682;8,3395;0,0000;0,0000;0,0000;0,0000;0,0000;0,0000;0,8683;
154;"IO_L5_N_33";2;1;1,1846;6,1742;13,0792;20,4380;0,5657;0,0000;0,0000;0,0000;0,0000;0,0000;0,0000;5,6085;
155;"ZYNQ_BMODE_2";3;1;1,1846;11,0449;0,0000;12,2295;8,2600;0,0000;0,0000;0,0000;0,0000;0,0000;0,0000;2,7849;
156;"ZYNQ_BMODE_0";3;1;1,1846;10,7786;0,0000;11,9632;5,6028;0,0000;0,0000;0,0000;0,0000;0,0000;0,0000;5,1758;
157;"ZYNQ_PS_MIO10";2;3;2,5844;28,5009;5,1642;36,2495;0,5657;0,0000;0,0000;13,9385;0,0000;0,0000;0,0000;13,9967;
158;"ZYNQ_PS_MIO12";2;2;1,1846;13,5944;9,1742;23,9532;0,5574;0,0000;0,0000;0,0000;0,0000;11,8243;0,0000;1,2127;
159;"IO_L9_DQS_P_33";2;0;0,0000;10,0567;11,9650;22,0217;10,0567;0,0000;0,0000;0,0000;0,0000;0,0000;0,0000;0,0000;
160;"IO_L1_N_33";2;1;1,1846;8,4335;11,7933;21,4114;6,8048;0,0000;0,0000;0,0000;0,0000;0,0000;0,0000;1,6287;
161;"IO_L6_VREF_N_34";2;2;1,1846;11,9205;6,5950;19,7001;0,5657;0,0000;0,0000;10,4130;0,0000;0,0000;0,0000;0,9418;
162;"IO_L22_N_34";2;1;1,1846;7,2973;10,9117;19,3936;0,5657;0,0000;0,0000;0,0000;0,0000;0,0000;0,0000;6,7316;
163;"IO_L3_DQS_N_33";2;1;1,1846;9,3636;12,0017;22,5499;8,4577;0,0000;0,0000;0,0000;0,0000;0,0000;0,0000;0,9058;
164;"IO_L16_N_35";2;1;1,1846;7,7147;14,6367;23,5360;6,9040;0,0000;0,0000;0,0000;0,0000;0,0000;0,0000;0,8107;
165;"IO_L8_P_13";2;1;1,1846;10,2282;25,9983;37,4111;9,2588;0,0000;0,0000;0,0000;0,0000;0,0000;0,0000;0,9694;
166;"IO_25_33";2;2;1,1846;9,0849;7,1692;17,4387;0,5657;0,0000;0,0000;0,0000;0,0000;7,6988;0,0000;0,8204;
167;"IO_L21_DQS_P_33";2;1;1,1846;8,1460;14,5333;23,8639;0,5657;0,0000;0,0000;0,0000;0,0000;0,0000;0,0000;7,5803;
169;"IO_L16_P_13";2;1;1,1846;8,7845;12,7483;22,7174;7,7990;0,0000;0,0000;0,0000;0,0000;0,0000;0,0000;0,9856;
170;"IO_L16_N_33";2;1;1,1846;8,2642;7,8017;17,2505;0,5657;0,0000;0,0000;0,0000;0,0000;0,0000;0,0000;7,6985;
171;"IO_L24_N_34";2;2;1,1846;22,6809;11,4283;35,2938;0,5657;0,0000;0,0000;0,0000;0,0000;21,0467;0,0000;1,0686;
172;"IO_L24_P_34";2;2;1,1846;9,7056;7,3200;18,2102;0,5657;0,0000;0,0000;7,1556;0,0000;0,0000;0,0000;1,9843;
173;"IO_L10_N_35";2;1;1,1846;14,8690;12,5092;28,5628;13,8793;0,0000;0,0000;0,0000;0,0000;0,0000;0,0000;0,9897;
174;"IO_L5_N_35";2;2;1,1846;28,6284;6,2675;36,0805;0,5657;0,0000;0,0000;22,2042;0,0000;0,0000;0,0000;5,8585;
175;"IO_L23_N_33";2;1;1,1846;10,3074;10,8750;22,3670;9,3245;0,0000;0,0000;0,0000;0,0000;0,0000;0,0000;0,9828;
176;"IO_L20_P_34";2;2;1,1846;18,3703;15,0783;34,6332;0,5657;0,0000;0,0000;0,0000;0,0000;16,9196;0,0000;0,8850;
177;"IO_L4_N_34";2;2;1,1846;15,4349;19,7300;36,3495;0,5657;0,0000;0,0000;13,5128;0,0000;0,0000;0,0000;1,3564;
178;"IO_L7_P_33";2;0;0,0000;3,6720;14,6267;18,2987;3,6720;0,0000;0,0000;0,0000;0,0000;0,0000;0,0000;0,0000;
179;"IO_L8_P_34";2;1;1,1846;8,5810;8,6417;18,4073;7,4574;0,0000;0,0000;0,0000;0,0000;0,0000;0,0000;1,1236;
180;"IO_L22_P_33";2;1;1,1846;8,1269;13,4525;22,7640;0,5657;0,0000;0,0000;0,0000;0,0000;0,0000;0,0000;7,5612;
181;"IO_L24_N_35";2;1;1,1846;9,2362;10,8650;21,2858;8,2890;0,0000;0,0000;0,0000;0,0000;0,0000;0,0000;0,9471;
182;"IO_L19_P_35";2;1;1,1846;7,1813;4,9567;13,3226;0,5657;0,0000;0,0000;0,0000;0,0000;0,0000;0,0000;6,6156;
183;"IO_L16_P_35";2;1;1,1846;9,9352;13,4158;24,5356;9,0416;0,0000;0,0000;0,0000;0,0000;0,0000;0,0000;0,8936;
184;"IO_L24_P_33";2;1;1,1846;10,2964;12,8842;24,3652;9,4364;0,0000;0,0000;0,0000;0,0000;0,0000;0,0000;0,8600;
185;"IO_L4_N_35";2;2;1,1846;27,0651;9,9950;38,2447;0,5657;0,0000;0,0000;0,0000;0,0000;25,5154;0,0000;0,9840;
186;"IO_L7_N_13";2;1;1,1846;10,0475;23,2575;34,4896;9,0971;0,0000;0,0000;0,0000;0,0000;0,0000;0,0000;0,9504;
187;"IO_L18_N_33";2;1;1,1846;8,3289;14,2325;23,7460;7,3582;0,0000;0,0000;0,0000;0,0000;0,0000;0,0000;0,9707;
188;"IO_L5_P_33";2;1;1,1846;9,9384;9,3150;20,4380;0,5657;0,0000;0,0000;0,0000;0,0000;0,0000;0,0000;9,3727;
189;"IO_L5_N_34";2;2;1,1846;14,0937;19,5075;34,7858;0,5657;0,0000;0,0000;0,0000;0,0000;12,5225;0,0000;1,0055;
190;"IO_L4_P_13";2;1;1,1846;8,7720;45,1183;55,0749;0,5657;0,0000;0,0000;0,0000;0,0000;0,0000;0,0000;8,2063;
191;"IO_L2_N_33";2;1;1,1846;7,4662;12,0067;20,6575;6,4951;0,0000;0,0000;0,0000;0,0000;0,0000;0,0000;0,9711;
192;"VIN";31;23;20,1382;0,0000;0,0000;20,1382;0,0000;0,0000;0,0000;0,0000;0,0000;0,0000;0,0000;0,0000;
193;"/Power/VSET";2;0;0,0000;0,9797;0,0000;0,9797;0,9797;0,0000;0,0000;0,0000;0,0000;0,0000;0,0000;0,0000;
194;"Net-(U4-FB)";3;0;0,0000;2,4186;0,0000;2,4186;2,4186;0,0000;0,0000;0,0000;0,0000;0,0000;0,0000;0,0000;
195;"/Ethernet PHY/CLK_25MHz";3;1;1,1846;1,7323;0,0000;2,9169;1,7323;0,0000;0,0000;0,0000;0,0000;0,0000;0,0000;0,0000;
196;"/USB HS PHY/USB_ULPI_CLKOUT_T";2;1;1,1846;2,6093;0,0000;3,7939;2,2971;0,0000;0,0000;0,0000;0,0000;0,0000;0,0000;0,3122;
197;"USB_ULPI_CLKOUT";2;0;0,0000;4,4906;9,9342;14,4248;4,4906;0,0000;0,0000;0,0000;0,0000;0,0000;0,0000;0,0000;
198;"USB_ULPI_NXT";2;1;1,1846;25,2161;7,1433;33,5440;0,5657;0,0000;0,0000;0,0000;0,0000;0,0000;0,0000;24,6504;
199;"USB_ULPI_DATA6";2;1;1,1846;18,9641;13,7292;33,8779;0,5757;0,0000;0,0000;0,0000;0,0000;0,0000;0,0000;18,3884;
200;"USB_ULPI_DATA5";2;1;1,1846;16,6212;15,1975;33,0033;14,7277;0,0000;0,0000;0,0000;0,0000;0,0000;0,0000;1,8936;
201;"USB_ULPI_DATA7";2;1;1,1846;17,9850;14,0150;33,1846;17,9850;0,0000;0,0000;0,0000;0,0000;0,0000;0,0000;0,0000;
202;"USB_PHY_RST";3;1;1,1846;8,5255;0,0000;9,7101;1,3836;0,0000;0,0000;0,0000;0,0000;0,0000;0,0000;7,1419;
203;"USB_D-";2;0;0,0000;1,9743;0,0000;1,9743;0,0000;0,0000;0,0000;0,0000;0,0000;0,0000;0,0000;1,9743;
204;"USB_ULPI_DATA1";2;1;1,1846;17,8768;15,1025;34,1638;0,5657;0,0000;0,0000;0,0000;0,0000;0,0000;0,0000;17,3111;
205;"USB_ULPI_STP";2;1;1,1846;19,1941;12,7708;33,1495;19,1941;0,0000;0,0000;0,0000;0,0000;0,0000;0,0000;0,0000;
206;"USB_D+";2;0;0,0000;1,9743;0,0000;1,9743;0,0000;0,0000;0,0000;0,0000;0,0000;0,0000;0,0000;1,9743;
207;"USB_VBUS";2;0;0,0000;1,9182;0,0000;1,9182;0,0000;0,0000;0,0000;0,0000;0,0000;0,0000;0,0000;1,9182;
208;"USB_ULPI_DATA2";2;1;1,1846;18,1442;13,4558;32,7846;9,3921;0,0000;0,0000;0,0000;0,0000;0,0000;0,0000;8,7521;
209;"USB_ULPI_DATA3";2;1;1,1846;20,1483;12,2933;33,6262;0,5757;0,0000;0,0000;0,0000;0,0000;0,0000;0,0000;19,5726;
210;"USB_ULPI_DIR";2;1;1,1846;25,9141;6,8108;33,9095;0,5657;0,0000;0,0000;0,0000;0,0000;0,0000;0,0000;25,3484;
211;"USB_ULPI_DATA0";2;1;1,1846;24,9858;7,5242;33,6946;24,9858;0,0000;0,0000;0,0000;0,0000;0,0000;0,0000;0,0000;
212;"USB_ID";2;0;0,0000;1,9182;0,0000;1,9182;0,0000;0,0000;0,0000;0,0000;0,0000;0,0000;0,0000;1,9182;
213;"/USB HS PHY/RBIAS";2;0;0,0000;2,0175;0,0000;2,0175;0,0000;0,0000;0,0000;0,0000;0,0000;0,0000;0,0000;2,0175;
214;"ZYNQ_PL_DONE";3;2;1,1846;17,9242;4,4217;23,5305;0,5657;0,0000;0,0000;0,0000;0,0000;13,0824;0,0000;4,2761;
215;"/Ethernet PHY/1V0_ETH";12;6;3,5538;2,1174;0,0000;5,6711;0,0000;0,0000;0,0000;0,0000;0,0000;0,0000;0,0000;2,1174;
216;"ZYNQ_PL_INITB";3;2;1,6693;16,8037;9,3450;27,8180;0,5657;0,0000;0,0000;15,3494;0,0000;0,0000;0,0000;0,8885;
217;"/Ethernet PHY/1V8A_ETH";4;1;0,0000;5,4347;0,0000;5,4347;0,0000;0,0000;0,0000;0,0000;0,0000;0,0000;0,0000;5,4347;
218;"/Ethernet PHY/3V3A_ETH";6;2;1,5013;6,9517;0,0000;8,4530;0,0000;0,0000;0,0000;0,0000;0,0000;0,0071;0,0000;6,9447;
219;"ETH_PHY_RXD0";3;2;2,0525;12,4214;12,5642;27,0381;5,1664;0,0000;0,0000;0,0000;0,0000;7,2550;0,0000;0,0000;
220;"ETH_PHY_RXD1";3;2;2,0525;15,4417;9,4583;26,9525;8,7102;0,0000;0,0000;0,0000;0,0000;6,7315;0,0000;0,0000;
221;"ETH_PHY_RXD2";3;2;2,0525;13,8837;11,2100;27,1462;1,0762;0,0000;0,0000;0,0000;0,0000;12,1735;0,0000;0,6341;
222;"ETH_PHY_RXD3";3;2;2,0525;8,4321;16,8550;27,3396;2,3465;0,0000;0,0000;0,0000;0,0000;6,0856;0,0000;0,0000;
223;"ETH_PHY_RXC";3;2;1,7358;7,2500;19,5350;28,5208;2,2326;0,0000;0,0000;0,0000;0,0000;5,0174;0,0000;0,0000;
224;"ETH_PHY_RXCTL";3;2;2,0525;18,9562;5,9592;26,9679;2,1853;0,0000;0,0000;0,0000;0,0000;15,8099;0,0000;0,9610;
225;"ETH_PHY_MDIO";3;2;0,9694;12,1834;7,7167;20,8695;3,6881;0,0000;0,0000;8,4952;0,0000;0,0000;0,0000;0,0000;
226;"ETH_PHY_INT";3;2;2,3692;10,8052;12,9683;26,1427;1,8317;0,0000;0,0000;0,0000;0,0000;0,0000;0,0000;8,9735;
227;"Net-(U3-RSET)";2;1;1,1846;2,2399;0,0000;3,4245;2,2399;0,0000;0,0000;0,0000;0,0000;0,0000;0,0000;0,0000;
228;"/Zynq_B502_DDR/DDR_A14_T";2;2;2,3692;30,0780;0,0000;32,4472;19,8483;0,0000;0,0000;0,0000;0,0000;0,0000;0,0000;10,2297;
229;"/Zynq_B502_DDR/DDR_BA0";2;1;1,1846;8,7987;8,2192;18,2025;0,5657;0,0000;0,0000;0,0000;0,0000;0,0000;0,0000;8,2330;
230;"/Zynq_B502_DDR/DDR_BA0_T";2;1;1,1846;27,8520;0,0000;29,0366;0,0000;0,0000;0,0000;0,0000;0,0000;0,0000;0,0000;27,8520;
231;"ETH_PHY_TXD1";2;2;1,7358;12,1076;12,1258;25,9692;5,1581;0,0000;0,0000;0,0000;0,0000;6,9494;0,0000;0,0000;
232;"ETH_PHY_MDC";2;3;2,3692;14,9486;5,8025;23,1203;2,4322;0,0000;0,0000;8,0562;0,0000;0,0000;0,0000;4,4602;
233;"ETH_PHY_MDI3_N";2;1;1,1846;7,1453;0,0000;8,3299;6,2981;0,0000;0,0000;0,0000;0,0000;0,0000;0,0000;0,8471;
234;"ETH_PHY_MDI3_P";2;1;1,1846;7,1452;0,0000;8,3298;6,2981;0,0000;0,0000;0,0000;0,0000;0,0000;0,0000;0,8471;
235;"ETH_PHY_MDI1_N";2;1;1,1846;7,2710;0,0000;8,4556;6,2574;0,0000;0,0000;0,0000;0,0000;0,0000;0,0000;1,0136;
236;"ETH_PHY_RST";3;0;0,0000;20,8687;0,0000;20,8687;20,8687;0,0000;0,0000;0,0000;0,0000;0,0000;0,0000;0,0000;
237;"ETH_PHY_MDI0_N";2;1;1,1846;5,4303;0,0000;6,6149;4,6928;0,0000;0,0000;0,0000;0,0000;0,0000;0,0000;0,7375;
238;"ETH_PHY_MDI2_N";2;1;1,1846;5,5740;0,0000;6,7586;4,8331;0,0000;0,0000;0,0000;0,0000;0,0000;0,0000;0,7410;
239;"ETH_PHY_MDI0_P";2;1;1,1846;5,4096;0,0000;6,5942;4,6928;0,0000;0,0000;0,0000;0,0000;0,0000;0,0000;0,7168;
240;"ETH_PHY_MDI2_P";2;1;1,1846;5,5752;0,0000;6,7598;4,8330;0,0000;0,0000;0,0000;0,0000;0,0000;0,0000;0,7422;
241;"ETH_PHY_TXD2";2;2;1,7358;13,4314;10,3700;25,5372;1,0383;0,0000;0,0000;0,0000;0,0000;12,3932;0,0000;0,0000;
242;"ETH_PHY_TXCTL";2;2;1,7358;10,8842;12,8658;25,4858;1,0812;0,0000;0,0000;0,0000;0,0000;9,8030;0,0000;0,0000;
243;"ETH_PHY_MDI1_P";2;1;1,1846;7,2710;0,0000;8,4556;6,2574;0,0000;0,0000;0,0000;0,0000;0,0000;0,0000;1,0136;
244;"ETH_PHY_TXC";2;2;1,7358;16,1314;7,5225;25,3897;5,1978;0,0000;0,0000;0,0000;0,0000;10,9336;0,0000;0,0000;
245;"ETH_PHY_TXD0";2;2;1,7358;14,9037;8,8983;25,5378;1,9715;0,0000;0,0000;0,0000;0,0000;12,9323;0,0000;0,0000;
246;"/Ethernet PHY/ETH_CLK_25MHz";2;0;0,0000;3,3763;0,0000;3,3763;3,3763;0,0000;0,0000;0,0000;0,0000;0,0000;0,0000;0,0000;
247;"1V0_EN";3;2;2,0525;27,0155;0,0000;29,0680;0,0000;0,0000;0,0000;0,0000;0,0000;26,1250;0,0000;0,8905;
248;"1V0_PG";3;2;1,7358;31,5253;0,0000;33,2611;3,2503;0,0000;0,0000;0,0000;0,0000;28,2749;0,0000;0,0000;
249;"1V8_PG";3;2;1,7358;21,9919;0,0000;23,7277;5,4541;0,0000;0,0000;0,0000;0,0000;16,5378;0,0000;0,0000;
250;"1V8_EN";3;2;2,0525;21,7448;0,0000;23,7973;0,5207;0,0000;0,0000;0,0000;0,0000;21,2191;0,0000;0,0050;
251;"3V3_EN";3;2;2,0525;11,7543;0,0000;13,8068;0,4095;0,0000;0,0000;0,0000;0,0000;11,3448;0,0000;0,0000;
252;"3V3_PG";3;0;0,0000;8,8142;0,0000;8,8142;8,8142;0,0000;0,0000;0,0000;0,0000;0,0000;0,0000;0,0000;
253;"Net-(U6-FB)";3;0;0,0000;2,4780;0,0000;2,4780;2,4780;0,0000;0,0000;0,0000;0,0000;0,0000;0,0000;0,0000;
254;"1V35_EN";3;2;1,7358;44,9010;0,0000;46,6368;2,4788;0,0000;0,0000;0,0000;0,0000;42,4222;0,0000;0,0000;
255;"1V35_PG";3;2;1,7358;41,8871;0,0000;43,6229;2,0563;0,0000;0,0000;0,0000;0,0000;39,8308;0,0000;0,0000;
257;"Net-(U10-FB)";3;0;0,0000;2,8070;0,0000;2,8070;2,8070;0,0000;0,0000;0,0000;0,0000;0,0000;0,0000;0,0000;
290;"/eMMC/eMMC_VDDI";3;1;1,1846;1,0497;0,0000;2,2343;0,0000;0,0000;0,0000;0,0000;0,0000;0,0000;0,0000;1,0497;
384;"eMMC_CMD";3;2;1,6693;39,5322;8,6033;49,8048;2,1250;0,0000;0,0000;36,8011;0,0000;0,0000;0,0000;0,6061;
385;"eMMC_D0";3;2;1,6693;37,0566;12,0292;50,7551;2,6665;0,0000;0,0000;33,6568;0,0000;0,0000;0,0000;0,7333;
386;"eMMC_D1";3;2;1,6693;34,8859;12,2675;48,8227;0,5657;0,0000;0,0000;32,3487;0,0000;0,0000;0,0000;1,9715;
387;"eMMC_D2";3;2;1,6693;37,9351;10,4525;50,0569;2,1833;0,0000;0,0000;35,3244;0,0000;0,0000;0,0000;0,4274;
388;"eMMC_D3";3;2;1,6693;41,4996;6,8425;50,0114;2,5938;0,0000;0,0000;38,9058;0,0000;0,0000;0,0000;0,0000;
389;"eMMC_~{RST}";3;2;1,8845;10,1288;0,0000;12,0133;0,0028;0,0000;0,0000;9,5269;0,0000;0,0000;0,0000;0,5991;
390;"eMMC_CLK";2;2;1,1846;37,8917;8,7283;47,8046;0,5657;0,0000;0,0000;36,4833;0,0000;0,0000;0,0000;0,8427;
392;"QSPI_~{CS}";4;1;1,1846;20,5430;13,6350;35,3626;20,5430;0,0000;0,0000;0,0000;0,0000;0,0000;0,0000;0,0000;
393;"/Zynq_B502_DDR/DDR_BA1";2;1;1,1846;10,7044;10,1258;22,0148;0,5657;0,0000;0,0000;0,0000;0,0000;0,0000;0,0000;10,1387;
394;"/Zynq_B502_DDR/DDR_BA1_T";2;2;1,1846;21,5000;0,0000;22,6846;0,0000;0,0000;0,0000;0,0000;0,0000;19,6244;0,0000;1,8756;
395;"QSPI_CLK";4;1;1,1846;7,5415;0,0000;8,7261;3,9076;0,0000;0,0000;0,0000;0,0000;0,0000;0,0000;3,6338;
396;"/Zynq_B502_DDR/DDR_BA2";2;1;1,1846;17,4492;8,5325;27,1663;0,5657;0,0000;0,0000;0,0000;0,0000;0,0000;0,0000;16,8835;
397;"/Zynq_B502_DDR/DDR_BA2_T";2;1;1,1846;18,8740;0,0000;20,0586;0,0000;0,0000;0,0000;0,0000;0,0000;0,0000;0,0000;18,8740;
398;"/Ethernet PHY/25MHz_1V8";4;0;0,0000;3,4805;0,0000;3,4805;3,4805;0,0000;0,0000;0,0000;0,0000;0,0000;0,0000;0,0000;
399;"/Zynq_B502_DDR/DDR_~{WE}";2;1;1,1846;8,4037;18,0450;27,6333;0,5657;0,0000;0,0000;0,0000;0,0000;0,0000;0,0000;7,8380;
400;"/Zynq_B502_DDR/DDR_~{WE}_T";2;1;1,1846;18,3999;0,0000;19,5845;0,0000;0,0000;0,0000;0,0000;0,0000;0,0000;0,0000;18,3999;
401;"/Zynq_B502_DDR/DDR_ODT_T";2;1;1,1846;27,7030;0,0000;28,8876;0,0000;0,0000;0,0000;0,0000;0,0000;0,0000;0,0000;27,7030;
402;"/Zynq_B502_DDR/DDR_ODT";2;1;1,1846;6,3431;10,8192;18,3469;0,5657;0,0000;0,0000;0,0000;0,0000;0,0000;0,0000;5,7775;
403;"/Zynq_B502_DDR/DDR_CK_E";2;1;1,1846;4,3902;20,5883;26,1631;0,6010;0,0000;0,0000;0,0000;0,0000;0,0000;0,0000;3,7891;
404;"/Zynq_B502_DDR/DDR_CK_E_T";2;1;1,1846;19,8630;0,0000;21,0476;0,0000;0,0000;0,0000;0,0000;0,0000;0,0000;0,0000;19,8630;
405;"QSPI_D0/BM3";4;1;1,1846;17,3012;12,1442;30,6300;10,8956;0,0000;0,0000;0,0000;0,0000;0,0000;0,0000;6,4056;
406;"QSPI_D1/BM1";4;2;2,0525;23,7256;7,3683;33,1464;2,8326;0,0000;0,0000;0,0000;0,0000;18,5510;0,0000;2,3420;
407;"/Zynq_B502_DDR/DDR_DQ3";2;0;0,0000;13,5732;20,1008;33,6740;13,5732;0,0000;0,0000;0,0000;0,0000;0,0000;0,0000;0,0000;
408;"/Zynq_B502_DDR/DDR_DQ13";2;2;1,7358;13,9650;10,4175;26,1183;0,5657;0,0000;0,0000;0,0000;0,0000;13,3993;0,0000;0,0000;
409;"/Zynq_B502_DDR/DDR_DQS1_P";2;2;1,7358;13,3571;11,1175;26,2104;0,5657;0,0000;0,0000;0,0000;0,0000;12,7914;0,0000;0,0000;
410;"/Zynq_B502_DDR/DDR_DQ4";2;0;0,0000;13,5438;20,1292;33,6730;13,5438;0,0000;0,0000;0,0000;0,0000;0,0000;0,0000;0,0000;
411;"/Zynq_B502_DDR/DDR_DQ11";2;2;1,7358;15,4867;8,7033;25,9258;0,5657;0,0000;0,0000;0,0000;0,0000;14,9210;0,0000;0,0000;
412;"/Zynq_B502_DDR/DDR_DQ0";2;0;0,0000;17,9517;15,7283;33,6800;17,9517;0,0000;0,0000;0,0000;0,0000;0,0000;0,0000;0,0000;
413;"/Zynq_B502_DDR/DDR_DQ12";2;2;1,7358;13,2758;11,1742;26,1858;0,4354;0,0000;0,0000;0,0000;0,0000;12,8404;0,0000;0,0000;
414;"/Zynq_B502_DDR/DDR_DQ15";2;2;1,7358;10,6687;14,1242;26,5287;0,5657;0,0000;0,0000;0,0000;0,0000;10,1031;0,0000;0,0000;
415;"/Zynq_B502_DDR/DDR_DQ9";2;2;1,7358;15,5177;8,6683;25,9218;0,5657;0,0000;0,0000;0,0000;0,0000;14,9520;0,0000;0,0000;
416;"/Zynq_B502_DDR/DDR_DQ6";2;0;0,0000;17,0617;16,6183;33,6800;17,0617;0,0000;0,0000;0,0000;0,0000;0,0000;0,0000;0,0000;
417;"/Zynq_B502_DDR/DDR_DQ5";2;0;0,0000;13,9648;19,7133;33,6781;13,9648;0,0000;0,0000;0,0000;0,0000;0,0000;0,0000;0,0000;
418;"/Zynq_B502_DDR/DDR_DQ2";2;0;0,0000;18,4033;15,2817;33,6850;18,4033;0,0000;0,0000;0,0000;0,0000;0,0000;0,0000;0,0000;
419;"/Zynq_B502_DDR/DDR_DQ14";2;2;1,7358;11,4408;13,2392;26,4158;0,4000;0,0000;0,0000;0,0000;0,0000;11,0408;0,0000;0,0000;
420;"/Zynq_B502_DDR/DDR_DQ7";2;0;0,0000;17,3858;16,2942;33,6800;17,3858;0,0000;0,0000;0,0000;0,0000;0,0000;0,0000;0,0000;
421;"/Zynq_B502_DDR/DDR_DQS1_N";2;2;1,7358;13,3305;11,1475;26,2138;0,5657;0,0000;0,0000;0,0000;0,0000;12,7648;0,0000;0,0000;
422;"/Zynq_B502_DDR/DDR_DQ1";2;0;0,0000;18,6717;15,0083;33,6800;18,6717;0,0000;0,0000;0,0000;0,0000;0,0000;0,0000;0,0000;
423;"/Zynq_B502_DDR/DDR_DQS0_N";2;0;0,0000;16,3158;17,8375;34,1533;16,3158;0,0000;0,0000;0,0000;0,0000;0,0000;0,0000;0,0000;
424;"/Zynq_B502_DDR/DDR_DQS0_P";2;0;0,0000;15,7283;18,4067;34,1350;15,7283;0,0000;0,0000;0,0000;0,0000;0,0000;0,0000;0,0000;
425;"/Zynq_B502_DDR/DDR_DM0";2;0;0,0000;18,5165;15,1675;33,6840;18,5165;0,0000;0,0000;0,0000;0,0000;0,0000;0,0000;0,0000;
426;"/Zynq_B502_DDR/DDR_DM1";2;2;1,7358;13,6949;10,8075;26,2382;1,2627;0,0000;0,0000;0,0000;0,0000;12,4322;0,0000;0,0000;
427;"IO_L5_P_34";2;2;1,1846;10,3976;22,3800;33,9622;0,5657;0,0000;0,0000;0,0000;0,0000;8,6662;0,0000;1,1657;
428;"IO_L8_N_35";1;0;0,0000;0,0000;13,1925;13,1925;0,0000;0,0000;0,0000;0,0000;0,0000;0,0000;0,0000;0,0000;
429;"IO_L6_P_35";2;2;1,1846;30,7656;8,1642;40,1144;0,5657;0,0000;0,0000;0,0000;0,0000;28,9579;0,0000;1,2420;
430;"IO_L5P_13";2;2;1,1846;17,4753;35,3100;53,9699;0,5657;0,0000;0,0000;0,0000;0,0000;15,9928;0,0000;0,9168;
431;"IO_L17_P_33";2;1;1,1846;10,9548;13,3050;25,4444;10,0220;0,0000;0,0000;0,0000;0,0000;0,0000;0,0000;0,9328;
432;"IO_L1_P_35";2;2;1,1846;25,9737;9,1075;36,2658;0,5657;0,0000;0,0000;0,0000;0,0000;24,2147;0,0000;1,1933;
433;"IO_L10_P_13";2;1;1,1846;7,5116;23,7758;32,4720;0,5657;0,0000;0,0000;0,0000;0,0000;0,0000;0,0000;6,9460;
434;"IO_L17_P_13";2;1;1,1846;11,0645;15,1292;27,3783;10,2020;0,0000;0,0000;0,0000;0,0000;0,0000;0,0000;0,8624;
435;"IO_L23_P_35";2;1;1,1846;8,5605;16,6333;26,3784;7,6256;0,0000;0,0000;0,0000;0,0000;0,0000;0,0000;0,9349;
436;"/Zynq_B502_DDR/DDR_DQ8";2;2;1,7358;14,9808;9,2692;25,9858;0,5657;0,0000;0,0000;0,0000;0,0000;14,4151;0,0000;0,0000;
437;"STM32_GPIO1";2;1;1,1846;13,7390;0,0000;14,9236;0,0000;0,0000;0,0000;0,0000;0,0000;0,0000;0,0000;13,7390;
438;"ZYNQ_PL_PROGB";4;4;2,7524;59,0675;7,9083;69,7282;0,5657;0,0000;0,0000;21,4041;0,0000;37,0977;0,0000;0,0000;
439;"STM32_USB_CC2";2;1;1,1846;14,9988;0,0000;16,1834;1,0902;0,0000;0,0000;0,0000;0,0000;0,0000;0,0000;13,9085;
440;"STM32_USB_D_P";2;1;1,1846;8,9574;0,0000;10,1420;8,2117;0,0000;0,0000;0,0000;0,0000;0,0000;0,0000;0,7457;
441;"STM32_DAC2";2;2;1,1846;25,1590;0,0000;26,3436;0,5528;0,0000;0,0000;0,0000;0,0000;23,5437;0,0000;1,0625;
442;"STM32_GPIO3";2;1;1,1846;15,6749;0,0000;16,8595;14,8649;0,0000;0,0000;0,0000;0,0000;0,0000;0,0000;0,8100;
444;"STM32_GPIO8";2;2;1,1846;18,2964;0,0000;19,4810;0,5610;0,0000;0,0000;0,0000;0,0000;16,7226;0,0000;1,0128;
445;"STM32_USB_D_N";2;1;1,1846;9,3958;0,0000;10,5804;8,6501;0,0000;0,0000;0,0000;0,0000;0,0000;0,0000;0,7457;
446;"STM32_DAC1";2;2;1,1846;25,6655;0,0000;26,8501;0,9828;0,0000;0,0000;0,0000;0,0000;23,8305;0,0000;0,8521;
447;"STM32_SDA";3;2;2,0525;24,3874;6,2058;32,6457;4,0834;0,0000;0,0000;0,0000;0,0000;18,6077;0,0000;1,6964;
448;"STM32_USB_CC1";2;1;1,1846;15,2252;0,0000;16,4098;0,9480;0,0000;0,0000;0,0000;0,0000;0,0000;0,0000;14,2772;
449;"STM32_GPIO7";2;2;1,1846;23,2347;0,0000;24,4193;1,3129;0,0000;0,0000;0,0000;0,0000;21,0301;0,0000;0,8918;
450;"STM32_SCL";3;0;0,0000;13,3231;0,0000;13,3231;13,3231;0,0000;0,0000;0,0000;0,0000;0,0000;0,0000;0,0000;
451;"ZYNQ_PS_POR";3;0;0,0000;16,9470;8,4475;25,3945;16,9470;0,0000;0,0000;0,0000;0,0000;0,0000;0,0000;0,0000;
452;"+3V3";50;26;21,4243;92,4177;45,7300;159,5720;19,0570;0,0000;0,9388;56,1456;0,0000;0,0000;0,0000;16,2763;
453;"+1V8";68;36;33,1688;36,2208;0,0000;69,3896;23,5170;0,0000;0,0000;0,0000;0,0000;0,0000;0,0000;12,7037;
454;"+1V0";42;22;26,0612;31,6155;0,0000;57,6767;11,1166;0,0000;0,0000;0,0000;0,0000;0,0000;0,0000;20,4989;
455;"+1V35";54;34;37,2073;48,1759;0,0000;85,3832;11,2684;0,0000;0,0000;0,0303;0,0000;29,9337;0,0000;6,9435;
457;"STM32_GPIO4";2;1;1,1846;14,1526;0,0000;15,3372;13,1375;0,0000;0,0000;0,0000;0,0000;0,0000;0,0000;1,0151;
458;"STM32_GPIO5";2;1;1,1846;16,9142;0,0000;18,0988;15,9426;0,0000;0,0000;0,0000;0,0000;0,0000;0,0000;0,9715;
459;"Net-(U9-VDDA)";4;1;1,1846;3,3312;0,0000;4,5158;0,0000;0,0000;0,0000;0,0000;0,0000;0,0000;0,0000;3,3312;
460;"Net-(U9-VREF+)";2;1;1,1846;2,8221;0,0000;4,0067;1,1836;0,0000;0,0000;0,0000;0,0000;0,0000;0,0000;1,6385;
461;"/Zynq B500-B501/PS_CLK_33MHz";3;0;0,0000;2,6385;0,0000;2,6385;0,0000;0,0000;0,0000;0,0000;0,0000;0,0000;0,0000;2,6385;
462;"ETH_PHY_TXD3";2;2;1,7358;11,4560;12,9175;26,1093;3,3443;0,0000;0,0000;0,0000;0,0000;8,1117;0,0000;0,0000;
463;"VBUS_OUT_EN";2;0;0,0000;2,8650;0,0000;2,8650;0,0000;0,0000;0,0000;0,0000;0,0000;0,0000;0,0000;2,8650;
464;"/USB HS PHY/CLK_13MHz";2;0;0,0000;1,4142;0,0000;1,4142;0,0000;0,0000;0,0000;0,0000;0,0000;0,0000;0,0000;1,4142;
465;"/USB HS PHY/USB_REFCLK";2;0;0,0000;1,0686;0,0000;1,0686;0,0000;0,0000;0,0000;0,0000;0,0000;0,0000;0,0000;1,0686;
467;"/Zynq B500-B501/33MHz_3V3";4;0;0,0000;4,4074;0,0000;4,4074;0,0000;0,0000;0,0000;0,0000;0,0000;0,0000;0,0000;4,4074;
468;"/USB HS PHY/13MHz_1V8";4;1;1,1846;3,1778;0,0000;4,3624;1,0993;0,0000;0,0000;0,0000;0,0000;0,0000;0,0000;2,0784;
470;"+3V3_SC";17;4;4,7384;15,8755;0,0000;20,6139;4,7749;0,0000;0,0000;0,0000;0,0000;0,0000;0,0000;11,1006;
472;"IO_L11_SRCC_P_34";2;1;1,1846;7,1399;8,0850;16,4095;0,5657;0,0000;0,0000;0,0000;0,0000;0,0000;0,0000;6,5742;
473;"IO_L11_SRCC_N_34";2;1;1,1846;7,1399;7,2717;15,5962;0,5657;0,0000;0,0000;0,0000;0,0000;0,0000;0,0000;6,5742;
474;"IO_L12_MRCC_P_13";2;1;1,1846;8,3172;14,3450;23,8468;0,5657;0,0000;0,0000;0,0000;0,0000;0,0000;0,0000;7,7515;
475;"IO_L12_MRCC_N_13";2;1;1,1846;6,9955;15,6667;23,8468;0,5657;0,0000;0,0000;0,0000;0,0000;0,0000;0,0000;6,4298;
476;"IO_L13_MRCC_N_13";2;1;1,1846;8,7163;12,4792;22,3801;0,5657;0,0000;0,0000;0,0000;0,0000;0,0000;0,0000;8,1506;
477;"IO_L13_MRCC_P_13";2;1;1,1846;7,8338;13,3617;22,3801;0,5657;0,0000;0,0000;0,0000;0,0000;0,0000;0,0000;7,2681;
478;"IO_L13_MRCC_P_35";2;1;1,1846;12,0584;12,0300;25,2730;11,2520;0,0000;0,0000;0,0000;0,0000;0,0000;0,0000;0,8064;
479;"IO_L14_SRCC_P_35";2;1;1,1846;7,0217;12,5025;20,7088;0,5657;0,0000;0,0000;0,0000;0,0000;0,0000;0,0000;6,4560;
480;"IO_L11_SRCC_N_33";2;1;1,1846;11,5010;13,6542;26,3398;0,5657;0,0000;0,0000;0,0000;0,0000;0,0000;0,0000;10,9353;
481;"IO_L11_SRCC_N_13";2;1;1,1846;12,6096;18,9058;32,7000;11,6167;0,0000;0,0000;0,0000;0,0000;0,0000;0,0000;0,9928;
482;"IO_L14_SRCC_P_33";2;1;1,1846;7,6489;20,1200;28,9535;0,5657;0,0000;0,0000;0,0000;0,0000;0,0000;0,0000;7,0832;
483;"IO_L11_SRCC_P_33";2;1;1,1846;9,4366;15,7183;26,3395;0,5657;0,0000;0,0000;0,0000;0,0000;0,0000;0,0000;8,8709;
484;"IO_L14_SRCC_N_34";2;1;1,1846;7,5155;6,5950;15,2951;0,5657;0,0000;0,0000;0,0000;0,0000;0,0000;0,0000;6,9498;
485;"IO_L14_SRCC_N_35";2;1;1,1846;8,3450;11,1792;20,7088;0,5657;0,0000;0,0000;0,0000;0,0000;0,0000;0,0000;7,7793;
486;"IO_L14_SRCC_N_33";2;1;1,1846;9,4272;18,3417;28,9535;0,5657;0,0000;0,0000;0,0000;0,0000;0,0000;0,0000;8,8615;
487;"IO_L11_SRCC_P_35";2;1;1,1846;11,0058;12,9592;25,1496;0,5657;0,0000;0,0000;0,0000;0,0000;0,0000;0,0000;10,4401;
488;"IO_L13_MRCC_P_34";2;1;1,1846;7,1590;5,3900;13,7336;0,5657;0,0000;0,0000;0,0000;0,0000;0,0000;0,0000;6,5933;
489;"IO_L11_SRCC_N_35";2;1;1,1846;12,0133;11,9517;25,1496;0,5657;0,0000;0,0000;0,0000;0,0000;0,0000;0,0000;11,4476;
490;"IO_L11_SRCC_P_13";2;1;1,1846;11,8312;19,6842;32,7000;10,8383;0,0000;0,0000;0,0000;0,0000;0,0000;0,0000;0,9928;
491;"IO_L12_MRCC_P_35";2;1;1,1846;9,6793;17,6817;28,5456;0,5657;0,0000;0,0000;0,0000;0,0000;0,0000;0,0000;9,1136;
492;"IO_L12_MRCC_P_34";2;2;1,1846;9,7047;7,1008;17,9901;0,5657;0,0000;0,0000;0,0000;0,0000;7,8633;0,0000;1,2757;
493;"IO_L14_SRCC_P_34";2;1;1,1846;6,9933;10,3733;18,5512;0,5657;0,0000;0,0000;0,0000;0,0000;0,0000;0,0000;6,4276;
494;"IO_L12_MRCC_P_33";2;1;1,1846;10,0545;13,2233;24,4624;9,1680;0,0000;0,0000;0,0000;0,0000;0,0000;0,0000;0,8864;
495;"IO_L13_MRCC_N_35";2;1;1,1846;11,1239;13,3383;25,6468;10,2760;0,0000;0,0000;0,0000;0,0000;0,0000;0,0000;0,8478;
497;"IO_L12_MRCC_N_33";2;1;1,1846;10,3020;12,6983;24,1849;9,3955;0,0000;0,0000;0,0000;0,0000;0,0000;0,0000;0,9065;
498;"IO_L12_MRCC_N_34";2;1;1,1846;7,2890;8,9300;17,4036;0,5657;0,0000;0,0000;0,0000;0,0000;0,0000;0,0000;6,7233;
499;"IO_L12_MRCC_N_35";2;1;1,1846;10,4626;16,8758;28,5230;0,5657;0,0000;0,0000;0,0000;0,0000;0,0000;0,0000;9,8969;
500;"IO_L13_MRCC_N_34";2;1;1,1846;6,2764;6,2725;13,7335;0,5657;0,0000;0,0000;0,0000;0,0000;0,0000;0,0000;5,7108;
501;"IO_25_13";2;2;1,1846;12,9830;4,2908;18,4584;0,5657;0,0000;0,0000;11,4020;0,0000;0,0000;0,0000;1,0153;
502;"/Zynq Config/VT_OUTPUT";2;1;1,1846;5,3565;0,0000;6,5411;0,0000;0,0000;0,0000;0,0000;0,0000;0,0000;0,0000;5,3565;
503;"/Zynq Config/LED_A";2;0;0,0000;1,9160;0,0000;1,9160;1,9160;0,0000;0,0000;0,0000;0,0000;0,0000;0,0000;0,0000;
508;"STM32_GPIO2";2;1;1,1846;16,1069;0,0000;17,2915;0,0020;0,0000;0,0000;0,0000;0,0000;0,0750;0,0000;16,0299;
509;"IO_0_35";2;2;1,1846;36,4137;8,3450;45,9433;0,5657;0,0000;0,0000;27,1721;0,0000;0,0000;0,0000;8,6760;
511;"STM32_BOOT0";3;2;1,5013;24,1724;0,0000;25,6737;1,0170;0,0000;0,0000;0,0000;0,0000;20,9904;0,0000;2,1649;
512;"USB_ULPI_DATA4";2;1;1,1846;17,5942;14,8058;33,5846;17,5942;0,0000;0,0000;0,0000;0,0000;0,0000;0,0000;0,0000;
513;"/Zynq_B502_DDR/DDR_DQ10";2;2;1,7358;10,8528;13,9242;26,5128;0,5657;0,0000;0,0000;0,0000;0,0000;10,2871;0,0000;0,0000;
514;"/Zynq B500-B501/STM32_SCL_T";2;0;0,0000;5,3606;9,3892;14,7498;5,3606;0,0000;0,0000;0,0000;0,0000;0,0000;0,0000;0,0000;
515;"GND";366;274;242,8430;100,0967;95,0999;438,0396;59,4526;0,0000;0,0000;0,0000;0,0000;0,0000;0,0000;40,6440;
547;"IO_L6_P_13";2;2;1,1846;17,8652;13,3917;32,4415;0,5657;0,0000;0,0000;15,8907;0,0000;0,0000;0,0000;1,4088;
548;"IO_L2_N_13";2;2;1,1846;14,7989;29,6633;45,6468;0,5657;0,0000;0,0000;0,0000;0,0000;13,3784;0,0000;0,8549;
549;"IO_L19_P_13";2;2;1,1846;20,7900;11,0883;33,0629;0,5657;0,0000;0,0000;0,0000;0,0000;19,2155;0,0000;1,0088;
550;"IO_L5_N_13";2;2;1,1846;18,5555;36,5058;56,2459;0,5657;0,0000;0,0000;17,0359;0,0000;0,0000;0,0000;0,9539;
551;"IO_L3_N_13";2;2;1,1846;10,6307;32,7550;44,5703;0,5657;0,0000;0,0000;0,0000;0,0000;9,2543;0,0000;0,8107;
552;"IO_L21_P_13";2;2;1,1846;13,2949;5,2375;19,7170;0,5657;0,0000;0,0000;11,9564;0,0000;0,0000;0,0000;0,7728;
553;"IO_L20_P_33";2;2;1,1846;12,0659;14,2600;27,5105;0,5657;0,0000;0,0000;10,6749;0,0000;0,0000;0,0000;0,8254;
554;"IO_L18_N_13";2;1;1,1846;14,5783;12,4292;28,1921;13,3968;0,0000;0,0000;0,0000;0,0000;0,0000;0,0000;1,1815;
555;"IO_L24_N_13";2;2;1,1846;14,4041;7,7258;23,3145;0,5657;0,0000;0,0000;11,5904;0,0000;0,0000;0,0000;2,2480;
556;"IO_L2_P_13";2;2;1,1846;15,3702;29,7517;46,3065;0,5657;0,0000;0,0000;0,0000;0,0000;13,8196;0,0000;0,9850;
557;"IO_L19_VREF_N_33";2;2;1,1846;20,1399;12,0325;33,3570;0,5657;0,0000;0,0000;0,0000;0,0000;18,6435;0,0000;0,9307;
558;"IO_L6_N_VREF_13";2;2;1,1846;18,0580;10,6350;29,8776;0,5657;0,0000;0,0000;15,8227;0,0000;0,0000;0,0000;1,6696;
559;"IO_L15_N_33";2;2;1,1846;23,1928;10,9467;35,3241;0,5657;0,0000;0,0000;0,0000;0,0000;21,5307;0,0000;1,0964;
560;"IO_L1_N_13";2;2;1,1846;11,7117;13,6808;26,5771;0,5657;0,0000;0,0000;0,0000;0,0000;10,2542;0,0000;0,8918;
561;"IO_L3_P_13";2;2;1,1846;17,9094;33,3642;52,4582;0,5657;0,0000;0,0000;0,0000;0,0000;16,4458;0,0000;0,8980;
562;"IO_L19_P_33";2;2;1,1846;20,6738;12,4117;34,2701;0,5657;0,0000;0,0000;0,0000;0,0000;18,6016;0,0000;1,5065;
563;"IO_L14_N_SRCC_13";2;1;1,1846;5,8642;15,0717;22,1205;1,6632;0,0000;0,0000;0,0000;0,0000;0,0000;0,0000;4,2010;
564;"IO_L15_P_33";2;2;1,1846;10,6069;9,8142;21,6057;0,5657;0,0000;0,0000;0,0000;0,0000;9,1184;0,0000;0,9228;
565;"IO_L18_P_13";2;2;1,1846;9,6800;9,2300;20,0946;0,5657;0,0000;0,0000;7,1071;0,0000;0,0000;0,0000;2,0073;
566;"IO_L14_P_SRCC_13";2;1;1,1846;6,0298;16,2208;23,4352;0,5657;0,0000;0,0000;0,0000;0,0000;0,0000;0,0000;5,4642;
567;"IO_L24_P_13";2;2;1,1846;16,9773;7,7150;25,8769;0,5657;0,0000;0,0000;0,0000;0,0000;15,5817;0,0000;0,8300;
568;"IO_L22_P_13";2;2;1,1846;12,7512;4,6183;18,5541;0,5657;0,0000;0,0000;11,1805;0,0000;0,0000;0,0000;1,0050;
569;"IO_L15_P_13";2;2;1,1846;7,8669;16,5567;25,6082;0,0000;0,0000;0,0000;6,1369;0,0000;0,0000;0,0000;1,7300;
570;"IO_L20_N_33";2;2;1,1846;16,0955;13,4642;30,7443;0,5657;0,0000;0,0000;14,2235;0,0000;0,0000;0,0000;1,3064;
589;"IO_L3P_PUDC_34";2;2;1,1846;14,1111;11,6717;26,9674;0,5657;0,0000;0,0000;12,5284;0,0000;0,0000;0,0000;1,0170;
593;"/Zynq B500-B501/PS_MIO_VREF_501";4;2;1,5013;18,4282;3,0292;22,9587;0,5657;0,0000;0,0000;0,0000;0,0000;14,1190;0,0000;3,7435;
594;"/Zynq Power/VCCADC";4;1;1,1846;2,3262;0,0000;3,5108;0,0000;0,0000;0,0000;0,0000;0,0000;0,0000;0,0000;2,3262;
